caller_address	caller_name	callee_address	callee_name	callee_in_scope
1805d0ee0	FUN_1805d0ee0	1805d32c0	FUN_1805d32c0	true
1805d0ee0	FUN_1805d0ee0	1805d4700	FUN_1805d4700	true
1805d0ee0	FUN_1805d0ee0	1805d6d30	FUN_1805d6d30	true
1805d0ee0	FUN_1805d0ee0	1805d7ef0	FUN_1805d7ef0	true
1805d0ee0	FUN_1805d0ee0	1805d8130	FUN_1805d8130	true
1805d0ee0	FUN_1805d0ee0	1805d9c10	FUN_1805d9c10	true
1805d0ee0	FUN_1805d0ee0	1805dc260	FUN_1805dc260	true
1805d0ee0	FUN_1805d0ee0	180696520	__security_check_cookie	true
1805d1430	FUN_1805d1430	1805d0ee0	FUN_1805d0ee0	true
1805d1430	FUN_1805d1430	1805d1cc0	FUN_1805d1cc0	true
1805d1430	FUN_1805d1430	1805d1e50	FUN_1805d1e50	true
1805d1430	FUN_1805d1430	1805d2aa0	FUN_1805d2aa0	true
1805d1430	FUN_1805d1430	1805d33d0	FUN_1805d33d0	true
1805d1430	FUN_1805d1430	1805d3640	FUN_1805d3640	true
1805d1430	FUN_1805d1430	1805d3a70	FUN_1805d3a70	true
1805d1430	FUN_1805d1430	1805d4830	FUN_1805d4830	true
1805d1430	FUN_1805d1430	1805d6230	FUN_1805d6230	true
1805d1430	FUN_1805d1430	1805d6e70	FUN_1805d6e70	true
1805d1430	FUN_1805d1430	180696520	__security_check_cookie	true
1805d1cc0	FUN_1805d1cc0	1805da460	FUN_1805da460	true
1805d1cc0	FUN_1805d1cc0	180696520	__security_check_cookie	true
1805d1e50	FUN_1805d1e50	1805d8220	FUN_1805d8220	true
1805d1e50	FUN_1805d1e50	180696520	__security_check_cookie	true
1805d2950	FUN_1805d2950	180696520	__security_check_cookie	true
1805d2aa0	FUN_1805d2aa0	1805d2950	FUN_1805d2950	true
1805d2aa0	FUN_1805d2aa0	1805d3170	FUN_1805d3170	true
1805d2aa0	FUN_1805d2aa0	1805dc470	FUN_1805dc470	true
1805d2aa0	FUN_1805d2aa0	180696520	__security_check_cookie	true
1805d3170	FUN_1805d3170	180696520	__security_check_cookie	true
1805d32c0	FUN_1805d32c0	180696520	__security_check_cookie	true
1805d33d0	FUN_1805d33d0	1805d40a0	FUN_1805d40a0	true
1805d33d0	FUN_1805d33d0	180696520	__security_check_cookie	true
1805d3640	FUN_1805d3640	1805d4000	FUN_1805d4000	true
1805d3640	FUN_1805d3640	1805d40a0	FUN_1805d40a0	true
1805d3640	FUN_1805d3640	1805d4400	FUN_1805d4400	true
1805d3640	FUN_1805d3640	180696520	__security_check_cookie	true
1805d3a70	FUN_1805d3a70	1805d4000	FUN_1805d4000	true
1805d3a70	FUN_1805d3a70	1805d40a0	FUN_1805d40a0	true
1805d3a70	FUN_1805d3a70	18069b57f	sqrtf	true
1805d4400	FUN_1805d4400	180696520	__security_check_cookie	true
1805d4700	FUN_1805d4700	180696520	__security_check_cookie	true
1805d4830	FUN_1805d4830	1805d5130	FUN_1805d5130	true
1805d4830	FUN_1805d4830	1805d5210	FUN_1805d5210	true
1805d4830	FUN_1805d4830	1805d54f0	FUN_1805d54f0	true
1805d4830	FUN_1805d4830	1805d5810	FUN_1805d5810	true
1805d4830	FUN_1805d4830	1805d5a90	FUN_1805d5a90	true
1805d4830	FUN_1805d4830	1805d5bc0	FUN_1805d5bc0	true
1805d4830	FUN_1805d4830	1805d5e60	FUN_1805d5e60	true
1805d4830	FUN_1805d4830	180696520	__security_check_cookie	true
1805d54f0	FUN_1805d54f0	180696520	__security_check_cookie	true
1805d5810	FUN_1805d5810	18069b57f	sqrtf	true
1805d5bc0	FUN_1805d5bc0	18069b57f	sqrtf	true
1805d5e60	FUN_1805d5e60	1806976f0	FUN_1806976f0	true
1805d5e60	FUN_1805d5e60	18069770c	FUN_18069770c	true
1805d6230	FUN_1805d6230	1805d64f0	FUN_1805d64f0	true
1805d6230	FUN_1805d6230	1805d6580	FUN_1805d6580	true
1805d6230	FUN_1805d6230	1805d67d0	FUN_1805d67d0	true
1805d6230	FUN_1805d6230	1805d69a0	FUN_1805d69a0	true
1805d6230	FUN_1805d6230	1805d6ae0	FUN_1805d6ae0	true
1805d6230	FUN_1805d6230	180696520	__security_check_cookie	true
1805d6580	FUN_1805d6580	180696520	__security_check_cookie	true
1805d67d0	FUN_1805d67d0	1805d6580	FUN_1805d6580	true
1805d67d0	FUN_1805d67d0	1805d69a0	FUN_1805d69a0	true
1805d67d0	FUN_1805d67d0	1805d6ae0	FUN_1805d6ae0	true
1805d6ae0	FUN_1805d6ae0	180696520	__security_check_cookie	true
1805d6d30	FUN_1805d6d30	180696520	__security_check_cookie	true
1805d6e70	FUN_1805d6e70	1805d7230	FUN_1805d7230	true
1805d6e70	FUN_1805d6e70	1805d7580	FUN_1805d7580	true
1805d6e70	FUN_1805d6e70	1805d7ad0	FUN_1805d7ad0	true
1805d7230	FUN_1805d7230	1805d7a50	FUN_1805d7a50	true
1805d7230	FUN_1805d7230	1805d9910	FUN_1805d9910	true
1805d7230	FUN_1805d7230	180696520	__security_check_cookie	true
1805d7230	FUN_1805d7230	180699450	FUN_180699450	true
1805d7580	FUN_1805d7580	18069b57f	sqrtf	true
1805d7a50	FUN_1805d7a50	180696a08	free	true
1805d7ad0	FUN_1805d7ad0	1805d7c50	FUN_1805d7c50	true
1805d7ad0	FUN_1805d7ad0	1805d7c90	FUN_1805d7c90	true
1805d7ad0	FUN_1805d7ad0	180696a08	free	true
1805d7ad0	FUN_1805d7ad0	180699450	FUN_180699450	true
1805d7c50	FUN_1805d7c50	1806978e4	FUN_1806978e4	true
1805d7c70	FUN_1805d7c70	1806978e4	FUN_1806978e4	true
1805d7c90	FUN_1805d7c90	180696544	operator_new	true
1805d7d40	FUN_1805d7d40	1805d7c90	FUN_1805d7c90	true
1805d7d40	FUN_1805d7d40	180699450	FUN_180699450	true
1805d7ef0	FUN_1805d7ef0	180696520	__security_check_cookie	true
1805d8130	FUN_1805d8130	180696520	__security_check_cookie	true
1805d8220	FUN_1805d8220	1805d4400	FUN_1805d4400	true
1805d8220	FUN_1805d8220	1805d8990	FUN_1805d8990	true
1805d8220	FUN_1805d8220	1805d8b10	FUN_1805d8b10	true
1805d8220	FUN_1805d8220	180696520	__security_check_cookie	true
1805d8990	FUN_1805d8990	18069b57f	sqrtf	true
1805d8b10	FUN_1805d8b10	180696520	__security_check_cookie	true
1805d9910	FUN_1805d9910	1805d7c70	FUN_1805d7c70	true
1805d9910	FUN_1805d9910	1805d7c90	FUN_1805d7c90	true
1805d9910	FUN_1805d9910	180696a08	free	true
1805d9910	FUN_1805d9910	180699450	FUN_180699450	true
1805d9c10	FUN_1805d9c10	1805da8e0	FUN_1805da8e0	true
1805d9c70	FUN_1805d9c70	1805f6980	FUN_1805f6980	true
1805d9e80	FUN_1805d9e80	1805daa00	FUN_1805daa00	true
1805d9e80	FUN_1805d9e80	1805f6980	FUN_1805f6980	true
1805da210	FUN_1805da210	1805da950	FUN_1805da950	true
1805da210	FUN_1805da210	1805daa00	FUN_1805daa00	true
1805da210	FUN_1805da210	180696a08	free	true
1805da460	FUN_1805da460	1805d9c70	FUN_1805d9c70	true
1805da460	FUN_1805da460	1805d9e80	FUN_1805d9e80	true
1805da460	FUN_1805da460	1805da210	FUN_1805da210	true
1805da460	FUN_1805da460	1805dad00	FUN_1805dad00	true
1805da460	FUN_1805da460	1805f6980	FUN_1805f6980	true
1805da460	FUN_1805da460	180696520	__security_check_cookie	true
1805da8e0	FUN_1805da8e0	180696a08	free	true
1805da950	FUN_1805da950	1805d7c90	FUN_1805d7c90	true
1805da950	FUN_1805da950	1806978e4	FUN_1806978e4	true
1805daa70	FUN_1805daa70	18069b55b	expf	true
1805daa70	FUN_1805daa70	18069b57f	sqrtf	true
1805dad00	FUN_1805dad00	1805daa70	FUN_1805daa70	true
1805dad00	FUN_1805dad00	180696520	__security_check_cookie	true
1805dad00	FUN_1805dad00	18069b555	exp	true
1805dad00	FUN_1805dad00	18069b55b	expf	true
1805db140	FUN_1805db140	1805db990	FUN_1805db990	true
1805db140	FUN_1805db140	1805dbc70	FUN_1805dbc70	true
1805db140	FUN_1805db140	180696520	__security_check_cookie	true
1805db140	FUN_1805db140	180699220	FUN_180699220	true
1805db140	FUN_1805db140	18069ba50	_guard_dispatch_icall	true
1805db990	FUN_1805db990	1805dbab0	FUN_1805dbab0	true
1805dbf30	FUN_1805dbf30	180696520	__security_check_cookie	true
1805dc260	FUN_1805dc260	180696520	__security_check_cookie	true
1805dc470	FUN_1805dc470	1805dc390	FUN_1805dc390	true
1805dc470	FUN_1805dc470	1805dcad0	FUN_1805dcad0	true
1805dc470	FUN_1805dc470	1805dd070	FUN_1805dd070	true
1805dc470	FUN_1805dc470	1805dd4d0	FUN_1805dd4d0	true
1805dc470	FUN_1805dc470	1805ddb50	FUN_1805ddb50	true
1805dc470	FUN_1805dc470	180696520	__security_check_cookie	true
1805dc9a0	FUN_1805dc9a0	180696520	__security_check_cookie	true
1805dcad0	FUN_1805dcad0	1805dc9a0	FUN_1805dc9a0	true
1805dcad0	FUN_1805dcad0	180696520	__security_check_cookie	true
1805dd4d0	FUN_1805dd4d0	1805ddcb0	FUN_1805ddcb0	true
1805dd4d0	FUN_1805dd4d0	180696520	__security_check_cookie	true
1805ddb50	FUN_1805ddb50	180696520	__security_check_cookie	true
1805ddcb0	FUN_1805ddcb0	180696520	__security_check_cookie	true
1805de130	FUN_1805de130	180696520	__security_check_cookie	true
1805de210	FUN_1805de210	1805de4b0	FUN_1805de4b0	true
1805de210	FUN_1805de210	1805de620	FUN_1805de620	true
1805de210	FUN_1805de210	1805de760	FUN_1805de760	true
1805de210	FUN_1805de210	180696520	__security_check_cookie	true
1805de4b0	FUN_1805de4b0	180696520	__security_check_cookie	true
1805de620	FUN_1805de620	180696520	__security_check_cookie	true
1805de760	FUN_1805de760	180696520	__security_check_cookie	true
1805ded10	FUN_1805ded10	180696520	__security_check_cookie	true
1805def30	FUN_1805def30	1805ded10	FUN_1805ded10	true
1805def30	FUN_1805def30	1805df8f0	FUN_1805df8f0	true
1805def30	FUN_1805def30	1805df920	FUN_1805df920	true
1805def30	FUN_1805def30	1805dfa40	FUN_1805dfa40	true
1805def30	FUN_1805def30	1805e01c0	FUN_1805e01c0	true
1805def30	FUN_1805def30	1805e0700	FUN_1805e0700	true
1805def30	FUN_1805def30	1805e0cb0	FUN_1805e0cb0	true
1805def30	FUN_1805def30	1805e1010	FUN_1805e1010	true
1805def30	FUN_1805def30	180696520	__security_check_cookie	true
1805def30	FUN_1805def30	18069b579	sqrt	true
1805df920	FUN_1805df920	180696520	__security_check_cookie	true
1805dfa40	FUN_1805dfa40	180696520	__security_check_cookie	true
1805e01c0	FUN_1805e01c0	180696520	__security_check_cookie	true
1805e0700	FUN_1805e0700	1805e12b0	FUN_1805e12b0	true
1805e0700	FUN_1805e0700	180696520	__security_check_cookie	true
1805e0cb0	FUN_1805e0cb0	180696520	__security_check_cookie	true
1805f4110	FUN_1805f4110	1805d7c90	FUN_1805d7c90	true
1805f4110	FUN_1805f4110	1805f4550	FUN_1805f4550	true
1805f4230	FUN_1805f4230	1805d7c90	FUN_1805d7c90	true
1805f4230	FUN_1805f4230	1805f4790	FUN_1805f4790	true
1805f4550	FUN_1805f4550	1805f4e30	FUN_1805f4e30	true
1805f4550	FUN_1805f4550	1805f50e0	FUN_1805f50e0	true
1805f4790	FUN_1805f4790	1805f5260	FUN_1805f5260	true
1805f4790	FUN_1805f4790	1805f5510	FUN_1805f5510	true
1805f49d0	FUN_1805f49d0	180696a08	free	true
1805f49e0	FUN_1805f49e0	1805f56b0	FUN_1805f56b0	true
1805f49e0	FUN_1805f49e0	180696a08	free	true
1805f4e30	FUN_1805f4e30	1805f49e0	FUN_1805f49e0	true
1805f4e30	FUN_1805f4e30	1806978e4	FUN_1806978e4	true
1805f50e0	FUN_1805f50e0	1805f4e30	FUN_1805f4e30	true
1805f50e0	FUN_1805f50e0	1805f56b0	FUN_1805f56b0	true
1805f50e0	FUN_1805f50e0	180696a08	free	true
1805f5260	FUN_1805f5260	1805f49d0	FUN_1805f49d0	true
1805f5260	FUN_1805f5260	1806978e4	FUN_1806978e4	true
1805f5510	FUN_1805f5510	1805f5260	FUN_1805f5260	true
1805f5510	FUN_1805f5510	180696a08	free	true
1805f56b0	FUN_1805f56b0	1805f5730	FUN_1805f5730	true
1805f56b0	FUN_1805f56b0	180696a08	free	true
1805f5730	FUN_1805f5730	1805f5730	FUN_1805f5730	true
1805f5730	FUN_1805f5730	180696a08	free	true
1805f5870	FUN_1805f5870	180696520	__security_check_cookie	true
1805f5c20	FUN_1805f5c20	180696520	__security_check_cookie	true
1805f5d00	FUN_1805f5d00	1805f60b0	FUN_1805f60b0	true
1805f5d00	FUN_1805f5d00	1805f61e0	FUN_1805f61e0	true
1805f5d00	FUN_1805f5d00	1805f6420	FUN_1805f6420	true
1805f5d00	FUN_1805f5d00	180696520	__security_check_cookie	true
1805f5d00	FUN_1805f5d00	180699220	FUN_180699220	true
1805f61e0	FUN_1805f61e0	18069b57f	sqrtf	true
1805f6420	FUN_1805f6420	180696520	__security_check_cookie	true
1805f6420	FUN_1805f6420	18069ba50	_guard_dispatch_icall	true
1805f6980	FUN_1805f6980	1805f5870	FUN_1805f5870	true
1805f6dc0	FUN_1805f6dc0	1805db800	FUN_1805db800	true
1805f6dc0	FUN_1805f6dc0	1805f4110	FUN_1805f4110	true
1805f6dc0	FUN_1805f6dc0	1805f7810	FUN_1805f7810	true
1805f6dc0	FUN_1805f6dc0	1805f7940	FUN_1805f7940	true
1805f6dc0	FUN_1805f6dc0	1805f7da0	FUN_1805f7da0	true
1805f6dc0	FUN_1805f6dc0	1805f7e30	FUN_1805f7e30	true
1805f6dc0	FUN_1805f6dc0	1805f80e0	FUN_1805f80e0	true
1805f6dc0	FUN_1805f6dc0	1805f8630	FUN_1805f8630	true
1805f6dc0	FUN_1805f6dc0	1805f8770	FUN_1805f8770	true
1805f6dc0	FUN_1805f6dc0	1805f8bb0	FUN_1805f8bb0	true
1805f6dc0	FUN_1805f6dc0	1805f9ec0	FUN_1805f9ec0	true
1805f6dc0	FUN_1805f6dc0	180696520	__security_check_cookie	true
1805f6dc0	FUN_1805f6dc0	18069b4e0	_alloca_probe	true
1805f7810	FUN_1805f7810	1805def30	FUN_1805def30	true
1805f7810	FUN_1805f7810	180696520	__security_check_cookie	true
1805f7940	FUN_1805f7940	1805db140	FUN_1805db140	true
1805f7940	FUN_1805f7940	180696520	__security_check_cookie	true
1805f7940	FUN_1805f7940	180699220	FUN_180699220	true
1805f7da0	FUN_1805f7da0	1805de210	FUN_1805de210	true
1805f7e30	FUN_1805f7e30	180699450	FUN_180699450	true
1805f80e0	FUN_1805f80e0	1805f5d00	FUN_1805f5d00	true
1805f80e0	FUN_1805f80e0	1805f6720	FUN_1805f6720	true
1805f80e0	FUN_1805f80e0	1805f6980	FUN_1805f6980	true
1805f80e0	FUN_1805f80e0	180696520	__security_check_cookie	true
1805f80e0	FUN_1805f80e0	180699220	FUN_180699220	true
1805f8630	FUN_1805f8630	1805de130	FUN_1805de130	true
1805f8630	FUN_1805f8630	1805f5c20	FUN_1805f5c20	true
1805f8630	FUN_1805f8630	180696520	__security_check_cookie	true
1805f8630	FUN_1805f8630	18069ba50	_guard_dispatch_icall	true
1805f8770	FUN_1805f8770	1805dbf30	FUN_1805dbf30	true
1805f8770	FUN_1805f8770	1805f8a10	FUN_1805f8a10	true
1805f8770	FUN_1805f8770	180696520	__security_check_cookie	true
1805f8a10	FUN_1805f8a10	180696520	__security_check_cookie	true
1805f8bb0	FUN_1805f8bb0	180696520	__security_check_cookie	true
1805f8d20	FUN_1805f8d20	180696520	__security_check_cookie	true
1805f8d20	FUN_1805f8d20	18069b5a0	FUN_18069b5a0	true
1805f96b0	FUN_1805f96b0	1805f93e0	FUN_1805f93e0	true
1805f96b0	FUN_1805f96b0	1805f9cd0	FUN_1805f9cd0	true
1805f96b0	FUN_1805f96b0	180696520	__security_check_cookie	true
1805f96b0	FUN_1805f96b0	18069b57f	sqrtf	true
1805f99f0	FUN_1805f99f0	1805f8d20	FUN_1805f8d20	true
1805f99f0	FUN_1805f99f0	1805f9cd0	FUN_1805f9cd0	true
1805f99f0	FUN_1805f99f0	180696520	__security_check_cookie	true
1805f9ec0	FUN_1805f9ec0	1805f96b0	FUN_1805f96b0	true
1805f9ec0	FUN_1805f9ec0	1805f99f0	FUN_1805f99f0	true
1805f9ec0	FUN_1805f9ec0	1805fa370	FUN_1805fa370	true
1805f9ec0	FUN_1805f9ec0	1805faa50	FUN_1805faa50	true
1805f9ec0	FUN_1805f9ec0	180696520	__security_check_cookie	true
1805fa370	FUN_1805fa370	180696520	__security_check_cookie	true
1805fa6d0	FUN_1805fa6d0	180696520	__security_check_cookie	true
1805faa50	FUN_1805faa50	1805fa6d0	FUN_1805fa6d0	true
1805faa50	FUN_1805faa50	180696520	__security_check_cookie	true
1805fb220	FUN_1805fb220	1805d9a70	FUN_1805d9a70	true
1805fb220	FUN_1805fb220	1805fb3c0	FUN_1805fb3c0	true
1805fb3c0	FUN_1805fb3c0	180696520	__security_check_cookie	true
1805fb660	FUN_1805fb660	180696520	__security_check_cookie	true
1805fba00	FUN_1805fba00	1805fb7e0	FUN_1805fb7e0	true
1805fba00	FUN_1805fba00	1805fb960	FUN_1805fb960	true
1805fba00	FUN_1805fba00	180699450	FUN_180699450	true
1805fc050	FUN_1805fc050	18069b57f	sqrtf	true
1805fc5a0	FUN_1805fc5a0	1805fbfd0	FUN_1805fbfd0	true
1805fc5a0	FUN_1805fc5a0	1805fc050	FUN_1805fc050	true
1805fc5a0	FUN_1805fc5a0	1805fc3a0	FUN_1805fc3a0	true
1805fc750	FUN_1805fc750	1805fcb20	FUN_1805fcb20	true
1805fc750	FUN_1805fc750	1805fcc30	FUN_1805fcc30	true
1805fc750	FUN_1805fc750	1805fce90	FUN_1805fce90	true
1805fc750	FUN_1805fc750	180696520	__security_check_cookie	true
1805fce90	FUN_1805fce90	180696520	__security_check_cookie	true
1805fd090	FUN_1805fd090	18069b57f	sqrtf	true
1805fd970	FUN_1805fd970	1805fdbf0	FUN_1805fdbf0	true
1805fd970	FUN_1805fd970	1805fe5e0	FUN_1805fe5e0	true
1805fd970	FUN_1805fd970	18060b570	FUN_18060b570	true
1805fd970	FUN_1805fd970	18060c5b0	FUN_18060c5b0	true
1805fd970	FUN_1805fd970	18060c6b0	FUN_18060c6b0	true
1805fd970	FUN_1805fd970	18060c710	FUN_18060c710	true
1805fd970	FUN_1805fd970	18060ccb0	FUN_18060ccb0	true
1805fd970	FUN_1805fd970	18060ced0	FUN_18060ced0	true
1805fd970	FUN_1805fd970	180696520	__security_check_cookie	true
1805fdbf0	FUN_1805fdbf0	18060c460	FUN_18060c460	true
1805fdbf0	FUN_1805fdbf0	18060ced0	FUN_18060ced0	true
1805fddb0	FUN_1805fddb0	180696c70	_Init_thread_footer	true
1805fddb0	FUN_1805fddb0	180696cd0	_Init_thread_header	true
1805fde60	FUN_1805fde60	1805fddb0	FUN_1805fddb0	true
1805fde60	FUN_1805fde60	18060d150	FUN_18060d150	true
1805fe0e0	FUN_1805fe0e0	1805fde60	FUN_1805fde60	true
1805fe0e0	FUN_1805fe0e0	18060c0c0	FUN_18060c0c0	true
1805fe0e0	FUN_1805fe0e0	180696520	__security_check_cookie	true
1805fe480	FUN_1805fe480	1805fc5a0	FUN_1805fc5a0	true
1805fe480	FUN_1805fe480	1805fe0e0	FUN_1805fe0e0	true
1805fe480	FUN_1805fe480	180696520	__security_check_cookie	true
1805fe5e0	FUN_1805fe5e0	1805fd090	FUN_1805fd090	true
1805fe5e0	FUN_1805fe5e0	1805fd230	FUN_1805fd230	true
1805fe5e0	FUN_1805fe5e0	1805feb70	FUN_1805feb70	true
1805fe5e0	FUN_1805fe5e0	1805fedb0	FUN_1805fedb0	true
1805fe5e0	FUN_1805fe5e0	1805ff370	FUN_1805ff370	true
1805fe5e0	FUN_1805fe5e0	18060c460	FUN_18060c460	true
1805fe5e0	FUN_1805fe5e0	180696520	__security_check_cookie	true
1805fe5e0	FUN_1805fe5e0	180696c70	_Init_thread_footer	true
1805fe5e0	FUN_1805fe5e0	180696cd0	_Init_thread_header	true
1805feb70	FUN_1805feb70	1806094e0	FUN_1806094e0	true
1805feb70	FUN_1805feb70	18060b570	FUN_18060b570	true
1805feb70	FUN_1805feb70	18060c460	FUN_18060c460	true
1805feb70	FUN_1805feb70	18069b57f	sqrtf	true
1805fedb0	FUN_1805fedb0	1806094e0	FUN_1806094e0	true
1805fedb0	FUN_1805fedb0	18060b570	FUN_18060b570	true
1805fedb0	FUN_1805fedb0	18060c460	FUN_18060c460	true
1805fedb0	FUN_1805fedb0	18069b57f	sqrtf	true
1805ff370	FUN_1805ff370	1806094e0	FUN_1806094e0	true
1805ff370	FUN_1805ff370	18060b570	FUN_18060b570	true
1805ff370	FUN_1805ff370	18060c460	FUN_18060c460	true
1805ff370	FUN_1805ff370	180696c70	_Init_thread_footer	true
1805ff370	FUN_1805ff370	180696cd0	_Init_thread_header	true
1805ff370	FUN_1805ff370	18069b57f	sqrtf	true
1805ffd00	FUN_1805ffd00	1806003b0	FUN_1806003b0	true
1805ffd00	FUN_1805ffd00	180600820	FUN_180600820	true
1805ffd00	FUN_1805ffd00	180600ad0	FUN_180600ad0	true
1805ffd00	FUN_1805ffd00	180600c40	FUN_180600c40	true
1805ffd00	FUN_1805ffd00	180601690	FUN_180601690	true
1805ffd00	FUN_1805ffd00	180601c10	FUN_180601c10	true
1805ffd00	FUN_1805ffd00	180605470	FUN_180605470	true
1805ffd00	FUN_1805ffd00	180606040	FUN_180606040	true
1805ffd00	FUN_1805ffd00	180606370	FUN_180606370	true
1805ffd00	FUN_1805ffd00	1806067d0	FUN_1806067d0	true
1805ffd00	FUN_1805ffd00	180608430	FUN_180608430	true
1805ffd00	FUN_1805ffd00	180696520	__security_check_cookie	true
1806003b0	FUN_1806003b0	1805fddb0	FUN_1805fddb0	true
1806003b0	FUN_1806003b0	180699220	FUN_180699220	true
180600820	FUN_180600820	180604ab0	FUN_180604ab0	true
180600820	FUN_180600820	180604bd0	FUN_180604bd0	true
180600820	FUN_180600820	180605470	FUN_180605470	true
180600820	FUN_180600820	180696520	__security_check_cookie	true
180600820	FUN_180600820	180699220	FUN_180699220	true
180600ad0	FUN_180600ad0	180608430	FUN_180608430	true
180600ad0	FUN_180600ad0	180696520	__security_check_cookie	true
180600c40	FUN_180600c40	180603f70	FUN_180603f70	true
180600c40	FUN_180600c40	1806041c0	FUN_1806041c0	true
180600c40	FUN_180600c40	1806042f0	FUN_1806042f0	true
180600c40	FUN_180600c40	180604540	FUN_180604540	true
180600c40	FUN_180600c40	1806047b0	FUN_1806047b0	true
180600c40	FUN_180600c40	180605470	FUN_180605470	true
180600c40	FUN_180600c40	180605960	FUN_180605960	true
180600c40	FUN_180600c40	18069b543	atanf	true
180600c40	FUN_180600c40	18069b57f	sqrtf	true
180601690	FUN_180601690	1805fddb0	FUN_1805fddb0	true
180601690	FUN_180601690	180605550	FUN_180605550	true
180601690	FUN_180601690	180609480	FUN_180609480	true
180601690	FUN_180601690	180696520	__security_check_cookie	true
180601c10	FUN_180601c10	180601dd0	FUN_180601dd0	true
180601c10	FUN_180601c10	1806025c0	FUN_1806025c0	true
180601c10	FUN_180601c10	180602e60	FUN_180602e60	true
180601c10	FUN_180601c10	180603890	FUN_180603890	true
180601c10	FUN_180601c10	180603a20	FUN_180603a20	true
180601c10	FUN_180601c10	180608900	FUN_180608900	true
180601dd0	FUN_180601dd0	180602770	FUN_180602770	true
180601dd0	FUN_180601dd0	180602a90	FUN_180602a90	true
180601dd0	FUN_180601dd0	1806037b0	FUN_1806037b0	true
180601dd0	FUN_180601dd0	180608430	FUN_180608430	true
180601dd0	FUN_180601dd0	180696520	__security_check_cookie	true
180602770	FUN_180602770	180696520	__security_check_cookie	true
180602a90	FUN_180602a90	1805fddb0	FUN_1805fddb0	true
180602a90	FUN_180602a90	180609480	FUN_180609480	true
180602a90	FUN_180602a90	180696520	__security_check_cookie	true
180602e60	FUN_180602e60	1805fddb0	FUN_1805fddb0	true
180602e60	FUN_180602e60	180609480	FUN_180609480	true
180603890	FUN_180603890	180603510	FUN_180603510	true
180603890	FUN_180603890	1806037b0	FUN_1806037b0	true
180603a20	FUN_180603a20	1806037b0	FUN_1806037b0	true
180603a20	FUN_180603a20	180608430	FUN_180608430	true
1806042f0	FUN_1806042f0	180604ab0	FUN_180604ab0	true
1806042f0	FUN_1806042f0	180604bd0	FUN_180604bd0	true
1806042f0	FUN_1806042f0	180699220	FUN_180699220	true
180604ab0	FUN_180604ab0	180604fe0	FUN_180604fe0	true
180604bd0	FUN_180604bd0	180699220	FUN_180699220	true
180605470	FUN_180605470	180696520	__security_check_cookie	true
180605960	FUN_180605960	180605680	FUN_180605680	true
180605960	FUN_180605960	180696520	__security_check_cookie	true
180605960	FUN_180605960	180699220	FUN_180699220	true
180605cf0	FUN_180605cf0	1805fddb0	FUN_1805fddb0	true
180605cf0	FUN_180605cf0	180600ad0	FUN_180600ad0	true
180605cf0	FUN_180605cf0	180609480	FUN_180609480	true
180605cf0	FUN_180605cf0	180696520	__security_check_cookie	true
180606040	FUN_180606040	1805fd090	FUN_1805fd090	true
180606040	FUN_180606040	1805fd230	FUN_1805fd230	true
180606040	FUN_180606040	180607a20	FUN_180607a20	true
180606040	FUN_180606040	180696520	__security_check_cookie	true
180606040	FUN_180606040	180696c70	_Init_thread_footer	true
180606040	FUN_180606040	180696cd0	_Init_thread_header	true
180606370	FUN_180606370	1805fddb0	FUN_1805fddb0	true
180606370	FUN_180606370	1806037b0	FUN_1806037b0	true
180606370	FUN_180606370	180608430	FUN_180608430	true
180606370	FUN_180606370	180609480	FUN_180609480	true
1806067d0	FUN_1806067d0	180607050	FUN_180607050	true
1806067d0	FUN_1806067d0	1806071c0	FUN_1806071c0	true
1806067d0	FUN_1806067d0	1806073b0	FUN_1806073b0	true
1806067d0	FUN_1806067d0	180607660	FUN_180607660	true
180607050	FUN_180607050	1805fddb0	FUN_1805fddb0	true
180607050	FUN_180607050	180609480	FUN_180609480	true
1806071c0	FUN_1806071c0	1805fddb0	FUN_1805fddb0	true
1806071c0	FUN_1806071c0	180609480	FUN_180609480	true
180607660	FUN_180607660	1806037b0	FUN_1806037b0	true
180607a20	FUN_180607a20	180607c60	FUN_180607c60	true
180607a20	FUN_180607a20	180608000	FUN_180608000	true
180607a20	FUN_180607a20	180696c70	_Init_thread_footer	true
180607a20	FUN_180607a20	180696cd0	_Init_thread_header	true
180607c60	FUN_180607c60	180696520	__security_check_cookie	true
180608430	FUN_180608430	180696520	__security_check_cookie	true
180608900	FUN_180608900	180608c60	FUN_180608c60	true
180608900	FUN_180608900	180608eb0	FUN_180608eb0	true
180608900	FUN_180608900	180696520	__security_check_cookie	true
180608c60	FUN_180608c60	180609070	FUN_180609070	true
180608eb0	FUN_180608eb0	180609070	FUN_180609070	true
180608eb0	FUN_180608eb0	180696520	__security_check_cookie	true
180609070	FUN_180609070	18069b543	atanf	true
1806091c0	FUN_1806091c0	1805fba00	FUN_1805fba00	true
1806091c0	FUN_1806091c0	1805ffd00	FUN_1805ffd00	true
1806091c0	FUN_1806091c0	180696520	__security_check_cookie	true
1806092b0	FUN_1806092b0	1805fddb0	FUN_1805fddb0	true
1806092b0	FUN_1806092b0	1805fe480	FUN_1805fe480	true
1806092b0	FUN_1806092b0	180605cf0	FUN_180605cf0	true
1806092b0	FUN_1806092b0	1806091c0	FUN_1806091c0	true
1806092b0	FUN_1806092b0	180696520	__security_check_cookie	true
1806094e0	FUN_1806094e0	1805fddb0	FUN_1805fddb0	true
1806094e0	FUN_1806094e0	180609480	FUN_180609480	true
1806094e0	FUN_1806094e0	180609cb0	FUN_180609cb0	true
1806094e0	FUN_1806094e0	180609f40	FUN_180609f40	true
1806094e0	FUN_1806094e0	18060a1f0	FUN_18060a1f0	true
1806094e0	FUN_1806094e0	18060a850	FUN_18060a850	true
1806094e0	FUN_1806094e0	18060acd0	FUN_18060acd0	true
1806094e0	FUN_1806094e0	180696c70	_Init_thread_footer	true
1806094e0	FUN_1806094e0	180696cd0	_Init_thread_header	true
180609f40	FUN_180609f40	18060a790	FUN_18060a790	true
18060a1f0	FUN_18060a1f0	18060a550	FUN_18060a550	true
18060a1f0	FUN_18060a1f0	180696c70	_Init_thread_footer	true
18060a1f0	FUN_18060a1f0	180696cd0	_Init_thread_header	true
18060acd0	FUN_18060acd0	1805fddb0	FUN_1805fddb0	true
18060b570	FUN_18060b570	1805fddb0	FUN_1805fddb0	true
18060b7c0	FUN_18060b7c0	1805fddb0	FUN_1805fddb0	true
18060b7c0	FUN_18060b7c0	180609480	FUN_180609480	true
18060b7c0	FUN_18060b7c0	18060af60	FUN_18060af60	true
18060b7c0	FUN_18060b7c0	18060ba50	FUN_18060ba50	true
18060b7c0	FUN_18060b7c0	180696520	__security_check_cookie	true
18060c0c0	FUN_18060c0c0	1805fc750	FUN_1805fc750	true
18060c0c0	FUN_18060c0c0	1805fd970	FUN_1805fd970	true
18060c0c0	FUN_18060c0c0	1805fddb0	FUN_1805fddb0	true
18060c0c0	FUN_18060c0c0	18060c310	FUN_18060c310	true
18060c0c0	FUN_18060c0c0	18060c5b0	FUN_18060c5b0	true
18060c0c0	FUN_18060c0c0	18060c6b0	FUN_18060c6b0	true
18060c0c0	FUN_18060c0c0	18060c710	FUN_18060c710	true
18060c460	FUN_18060c460	18060b2f0	FUN_18060b2f0	true
18060c5b0	FUN_18060c5b0	18060b570	FUN_18060b570	true
18060c6b0	FUN_18060c6b0	18060b7c0	FUN_18060b7c0	true
18060c710	FUN_18060c710	1805fddb0	FUN_1805fddb0	true
18060c710	FUN_18060c710	18060ca60	FUN_18060ca60	true
18060c710	FUN_18060c710	180696520	__security_check_cookie	true
18060ccb0	FUN_18060ccb0	1805fddb0	FUN_1805fddb0	true
18060ccb0	FUN_18060ccb0	180696520	__security_check_cookie	true
18060ced0	FUN_18060ced0	1806094e0	FUN_1806094e0	true
18060ced0	FUN_18060ced0	18060b570	FUN_18060b570	true
18060ced0	FUN_18060ced0	18060c460	FUN_18060c460	true
18060ced0	FUN_18060ced0	18069b57f	sqrtf	true
18060d150	FUN_18060d150	1805fddb0	FUN_1805fddb0	true
18060d150	FUN_18060d150	180696520	__security_check_cookie	true
18060d280	FUN_18060d280	1806969f0	atexit	true
18060d280	FUN_18060d280	180696c70	_Init_thread_footer	true
18060d280	FUN_18060d280	180696cd0	_Init_thread_header	true
18060d280	FUN_18060d280	180696dbc	`eh_vector_constructor_iterator'	true
18060d340	FUN_18060d340	180625d60	FUN_180625d60	true
18060d340	FUN_18060d340	1806969f0	atexit	true
18060d340	FUN_18060d340	180696c70	_Init_thread_footer	true
18060d340	FUN_18060d340	180696cd0	_Init_thread_header	true
18060d430	FUN_18060d430	1805d7c90	FUN_1805d7c90	true
18060d430	FUN_18060d430	180627dd0	FUN_180627dd0	true
18060d430	FUN_18060d430	1806969f0	atexit	true
18060d430	FUN_18060d430	180696c70	_Init_thread_footer	true
18060d430	FUN_18060d430	180696cd0	_Init_thread_header	true
18060d610	FUN_18060d610	1805d7c90	FUN_1805d7c90	true
18060d610	FUN_18060d610	1806969f0	atexit	true
18060d610	FUN_18060d610	180696c70	_Init_thread_footer	true
18060d610	FUN_18060d610	180696cd0	_Init_thread_header	true
18060dbf0	FUN_18060dbf0	18060d280	FUN_18060d280	true
18060dbf0	FUN_18060dbf0	18060d430	FUN_18060d430	true
18060dbf0	FUN_18060dbf0	18060e550	FUN_18060e550	true
18060dbf0	FUN_18060dbf0	18060e690	FUN_18060e690	true
18060dbf0	FUN_18060dbf0	18060edd0	FUN_18060edd0	true
18060dbf0	FUN_18060dbf0	18060efc0	FUN_18060efc0	true
18060dbf0	FUN_18060dbf0	18060f0d0	FUN_18060f0d0	true
18060dbf0	FUN_18060dbf0	18060f200	FUN_18060f200	true
18060dbf0	FUN_18060dbf0	18060f390	FUN_18060f390	true
18060dbf0	FUN_18060dbf0	18060f740	FUN_18060f740	true
18060dbf0	FUN_18060dbf0	18060f9d0	FUN_18060f9d0	true
18060dbf0	FUN_18060dbf0	18066a500	FUN_18066a500	true
18060dbf0	FUN_18060dbf0	18066b7d0	FUN_18066b7d0	true
18060dbf0	FUN_18060dbf0	180696520	__security_check_cookie	true
18060dbf0	FUN_18060dbf0	180699450	FUN_180699450	true
18060dbf0	FUN_18060dbf0	18069ba50	_guard_dispatch_icall	true
18060e550	FUN_18060e550	18060d610	FUN_18060d610	true
18060e550	FUN_18060e550	180696520	__security_check_cookie	true
18060e690	FUN_18060e690	18060d610	FUN_18060d610	true
18060e690	FUN_18060e690	180696520	__security_check_cookie	true
18060e690	FUN_18060e690	18069ba50	_guard_dispatch_icall	true
18060e820	FUN_18060e820	18060f4e0	FUN_18060f4e0	true
18060e820	FUN_18060e820	180696520	__security_check_cookie	true
18060e820	FUN_18060e820	180699450	FUN_180699450	true
18060e820	FUN_18060e820	18069ba50	_guard_dispatch_icall	true
18060eae0	FUN_18060eae0	18060f4e0	FUN_18060f4e0	true
18060eae0	FUN_18060eae0	180696520	__security_check_cookie	true
18060eae0	FUN_18060eae0	180699450	FUN_180699450	true
18060eae0	FUN_18060eae0	18069ba50	_guard_dispatch_icall	true
18060edd0	FUN_18060edd0	18060d340	FUN_18060d340	true
18060edd0	FUN_18060edd0	180696520	__security_check_cookie	true
18060efc0	FUN_18060efc0	180696520	__security_check_cookie	true
18060f0d0	FUN_18060f0d0	18060d610	FUN_18060d610	true
18060f0d0	FUN_18060f0d0	180696520	__security_check_cookie	true
18060f200	FUN_18060f200	18060d610	FUN_18060d610	true
18060f200	FUN_18060f200	180696520	__security_check_cookie	true
18060f200	FUN_18060f200	18069ba50	_guard_dispatch_icall	true
18060f390	FUN_18060f390	18060d430	FUN_18060d430	true
18060f390	FUN_18060f390	180696520	__security_check_cookie	true
18060f4e0	FUN_18060f4e0	180696520	__security_check_cookie	true
18060f740	FUN_18060f740	180675460	FUN_180675460	true
18060f740	FUN_18060f740	180675960	FUN_180675960	true
18060f740	FUN_18060f740	180675fc0	FUN_180675fc0	true
18060f740	FUN_18060f740	180696520	__security_check_cookie	true
18060f740	FUN_18060f740	1806969f0	atexit	true
18060f740	FUN_18060f740	180696c70	_Init_thread_footer	true
18060f740	FUN_18060f740	180696cd0	_Init_thread_header	true
18060f9d0	FUN_18060f9d0	1805fb660	FUN_1805fb660	true
18060f9d0	FUN_18060f9d0	180696520	__security_check_cookie	true
18060fb30	FUN_18060fb30	18069ba50	_guard_dispatch_icall	true
18060fd10	FUN_18060fd10	18069ba50	_guard_dispatch_icall	true
18060ff50	FUN_18060ff50	1805f56b0	FUN_1805f56b0	true
18060ff50	FUN_18060ff50	18060ff50	FUN_18060ff50	true
18060ff50	FUN_18060ff50	180696a08	free	true
180625d60	FUN_180625d60	1805d7c90	FUN_1805d7c90	true
180625d60	FUN_180625d60	1805f4110	FUN_1805f4110	true
180625d60	FUN_180625d60	1805f4230	FUN_1805f4230	true
180625d60	FUN_180625d60	180627cb0	FUN_180627cb0	true
180625d60	FUN_180625d60	180627dd0	FUN_180627dd0	true
180627cb0	FUN_180627cb0	1805d7c90	FUN_1805d7c90	true
180627cb0	FUN_180627cb0	180628040	FUN_180628040	true
180627dd0	FUN_180627dd0	1805d7c90	FUN_1805d7c90	true
180627dd0	FUN_180627dd0	180628280	FUN_180628280	true
180628040	FUN_180628040	180628520	FUN_180628520	true
180628040	FUN_180628040	1806287d0	FUN_1806287d0	true
180628280	FUN_180628280	180628960	FUN_180628960	true
180628280	FUN_180628280	180628c10	FUN_180628c10	true
1806284c0	FUN_1806284c0	18060ff50	FUN_18060ff50	true
1806284c0	FUN_1806284c0	180696a08	free	true
180628510	FUN_180628510	180696a08	free	true
180628520	FUN_180628520	1806284c0	FUN_1806284c0	true
180628520	FUN_180628520	1806978e4	FUN_1806978e4	true
1806287d0	FUN_1806287d0	18060ff50	FUN_18060ff50	true
1806287d0	FUN_1806287d0	180628520	FUN_180628520	true
1806287d0	FUN_1806287d0	180696a08	free	true
180628960	FUN_180628960	180628510	FUN_180628510	true
180628960	FUN_180628960	1806978e4	FUN_1806978e4	true
180628c10	FUN_180628c10	180628960	FUN_180628960	true
180628c10	FUN_180628c10	180696a08	free	true
180668ed0	FUN_180668ed0	18060d340	FUN_18060d340	true
180668ed0	FUN_180668ed0	180669040	FUN_180669040	true
180668ed0	FUN_180668ed0	18066a800	FUN_18066a800	true
180668ed0	FUN_180668ed0	180696520	__security_check_cookie	true
180669040	FUN_180669040	180696520	__security_check_cookie	true
180669140	FUN_180669140	1806694f0	FUN_1806694f0	true
180669140	FUN_180669140	180696520	__security_check_cookie	true
180669140	FUN_180669140	18069ba50	_guard_dispatch_icall	true
1806694f0	FUN_1806694f0	180669680	FUN_180669680	true
1806694f0	FUN_1806694f0	18066ab40	FUN_18066ab40	true
1806694f0	FUN_1806694f0	180696520	__security_check_cookie	true
180669680	FUN_180669680	18066ab40	FUN_18066ab40	true
180669680	FUN_180669680	180696520	__security_check_cookie	true
180669680	FUN_180669680	18069ba50	_guard_dispatch_icall	true
180669860	FUN_180669860	1806694f0	FUN_1806694f0	true
180669860	FUN_180669860	180696520	__security_check_cookie	true
180669860	FUN_180669860	18069ba50	_guard_dispatch_icall	true
180669b70	FUN_180669b70	180669140	FUN_180669140	true
180669b70	FUN_180669b70	180696520	__security_check_cookie	true
180669f00	FUN_180669f00	180669140	FUN_180669140	true
180669f00	FUN_180669f00	180696520	__security_check_cookie	true
18066a0e0	FUN_18066a0e0	180669140	FUN_180669140	true
18066a0e0	FUN_18066a0e0	180696520	__security_check_cookie	true
18066a500	FUN_18066a500	180669140	FUN_180669140	true
18066a500	FUN_18066a500	180696520	__security_check_cookie	true
18066a580	FUN_18066a580	180696520	__security_check_cookie	true
18066a730	FUN_18066a730	180696520	__security_check_cookie	true
18066a800	FUN_18066a800	180696520	__security_check_cookie	true
18066a8d0	FUN_18066a8d0	180669140	FUN_180669140	true
18066a8d0	FUN_18066a8d0	180696520	__security_check_cookie	true
18066ab40	FUN_18066ab40	1805d7c90	FUN_1805d7c90	true
18066ab40	FUN_18066ab40	18066ac10	FUN_18066ac10	true
18066ac10	FUN_18066ac10	180628960	FUN_180628960	true
18066ac10	FUN_18066ac10	18066ae50	FUN_18066ae50	true
18066ae50	FUN_18066ae50	180628960	FUN_180628960	true
18066ae50	FUN_18066ae50	180696a08	free	true
18066b030	FUN_18066b030	1806969f0	atexit	true
18066b030	FUN_18066b030	180696c70	_Init_thread_footer	true
18066b030	FUN_18066b030	180696cd0	_Init_thread_header	true
18066b760	FUN_18066b760	1806969f0	atexit	true
18066b760	FUN_18066b760	180696c70	_Init_thread_footer	true
18066b760	FUN_18066b760	180696cd0	_Init_thread_header	true
18066b7d0	FUN_18066b7d0	1805d7c90	FUN_1805d7c90	true
18066b7d0	FUN_18066b7d0	180628280	FUN_180628280	true
18066b8f0	FUN_18066b8f0	18060d430	FUN_18060d430	true
18066b8f0	FUN_18066b8f0	18060eae0	FUN_18060eae0	true
18066b8f0	FUN_18066b8f0	18066b760	FUN_18066b760	true
18066b8f0	FUN_18066b8f0	18066b7d0	FUN_18066b7d0	true
18066b8f0	FUN_18066b8f0	180699450	FUN_180699450	true
18066b9c0	FUN_18066b9c0	18060eae0	FUN_18060eae0	true
18066b9c0	FUN_18066b9c0	18066b760	FUN_18066b760	true
18066b9c0	FUN_18066b9c0	18066b8f0	FUN_18066b8f0	true
18066b9c0	FUN_18066b9c0	180697728	_Xtime_get_ticks	true
18066b9c0	FUN_18066b9c0	180699220	FUN_180699220	true
18066b9c0	FUN_18066b9c0	180699450	FUN_180699450	true
18066bcf0	FUN_18066bcf0	18066bd60	FUN_18066bd60	true
18066bcf0	FUN_18066bcf0	1806969f0	atexit	true
18066bcf0	FUN_18066bcf0	180696c70	_Init_thread_footer	true
18066bcf0	FUN_18066bcf0	180696cd0	_Init_thread_header	true
18066bd60	FUN_18066bd60	1805d7c90	FUN_1805d7c90	true
18066bd60	FUN_18066bd60	180681ab0	FUN_180681ab0	true
18066bd60	FUN_18066bd60	180682640	FUN_180682640	true
18066caf0	FUN_18066caf0	18060d340	FUN_18060d340	true
18066caf0	FUN_18066caf0	18060fd10	FUN_18060fd10	true
18066caf0	FUN_18066caf0	18066bcf0	FUN_18066bcf0	true
18066caf0	FUN_18066caf0	18066d400	FUN_18066d400	true
18066caf0	FUN_18066caf0	180696520	__security_check_cookie	true
18066caf0	FUN_18066caf0	18069ba50	_guard_dispatch_icall	true
18066d0c0	FUN_18066d0c0	18060d340	FUN_18060d340	true
18066d0c0	FUN_18066d0c0	180696520	__security_check_cookie	true
18066d400	FUN_18066d400	18060fd10	FUN_18060fd10	true
18066d400	FUN_18066d400	18066d0c0	FUN_18066d0c0	true
18066d400	FUN_18066d400	180696520	__security_check_cookie	true
18066d400	FUN_18066d400	18069ba50	_guard_dispatch_icall	true
18066dcb0	FUN_18066dcb0	18066e590	FUN_18066e590	true
18066dcb0	FUN_18066dcb0	180671430	FUN_180671430	true
18066dcb0	FUN_18066dcb0	180696520	__security_check_cookie	true
18066dcb0	FUN_18066dcb0	180699450	FUN_180699450	true
18066e590	FUN_18066e590	180671430	FUN_180671430	true
18066e590	FUN_18066e590	180696520	__security_check_cookie	true
18066e590	FUN_18066e590	18069ba50	_guard_dispatch_icall	true
18066edc0	FUN_18066edc0	180696520	__security_check_cookie	true
18066edc0	FUN_18066edc0	180699450	FUN_180699450	true
180671520	FUN_180671520	180696520	__security_check_cookie	true
180671800	FUN_180671800	18060d340	FUN_18060d340	true
180671800	FUN_180671800	1806969f0	atexit	true
180671800	FUN_180671800	180696c70	_Init_thread_footer	true
180671800	FUN_180671800	180696cd0	_Init_thread_header	true
180671800	FUN_180671800	180699450	FUN_180699450	true
180672d50	FUN_180672d50	18060d280	FUN_18060d280	true
180672d50	FUN_180672d50	180696520	__security_check_cookie	true
180672f10	FUN_180672f10	1805d1430	FUN_1805d1430	true
180672f10	FUN_180672f10	1805f6dc0	FUN_1805f6dc0	true
180672f10	FUN_180672f10	1805fb220	FUN_1805fb220	true
180672f10	FUN_180672f10	18060d280	FUN_18060d280	true
180672f10	FUN_180672f10	180669040	FUN_180669040	true
180672f10	FUN_180672f10	180672d50	FUN_180672d50	true
180672f10	FUN_180672f10	1806732b0	FUN_1806732b0	true
180672f10	FUN_180672f10	180674030	FUN_180674030	true
180672f10	FUN_180672f10	1806745e0	FUN_1806745e0	true
180672f10	FUN_180672f10	180674bb0	FUN_180674bb0	true
180672f10	FUN_180672f10	180674ec0	FUN_180674ec0	true
180672f10	FUN_180672f10	180696520	__security_check_cookie	true
180672f10	FUN_180672f10	18069ba50	_guard_dispatch_icall	true
1806732b0	FUN_1806732b0	180673790	FUN_180673790	true
1806732b0	FUN_1806732b0	180673bf0	FUN_180673bf0	true
1806732b0	FUN_1806732b0	180696520	__security_check_cookie	true
180673440	FUN_180673440	180696520	__security_check_cookie	true
180673640	FUN_180673640	180696520	__security_check_cookie	true
180673790	FUN_180673790	18060d340	FUN_18060d340	true
180673790	FUN_180673790	1806969f0	atexit	true
180673790	FUN_180673790	180696c70	_Init_thread_footer	true
180673790	FUN_180673790	180696cd0	_Init_thread_header	true
180673980	FUN_180673980	180673440	FUN_180673440	true
180673980	FUN_180673980	180673790	FUN_180673790	true
180673980	FUN_180673980	180673bf0	FUN_180673bf0	true
180673980	FUN_180673980	180696520	__security_check_cookie	true
180673bf0	FUN_180673bf0	18060d340	FUN_18060d340	true
180673bf0	FUN_180673bf0	180696520	__security_check_cookie	true
180673bf0	FUN_180673bf0	18069b537	atan	true
180673bf0	FUN_180673bf0	18069b54f	cos	true
180673bf0	FUN_180673bf0	18069b573	sin	true
180673bf0	FUN_180673bf0	18069b58b	tan	true
180674030	FUN_180674030	180681420	FUN_180681420	true
180674030	FUN_180674030	180682520	FUN_180682520	true
180674030	FUN_180674030	180696520	__security_check_cookie	true
1806745e0	FUN_1806745e0	180682520	FUN_180682520	true
1806745e0	FUN_1806745e0	1806890a0	FUN_1806890a0	true
1806745e0	FUN_1806745e0	180689330	FUN_180689330	true
1806745e0	FUN_1806745e0	1806899e0	FUN_1806899e0	true
1806745e0	FUN_1806745e0	18068a760	FUN_18068a760	true
1806745e0	FUN_1806745e0	18068b5e0	FUN_18068b5e0	true
1806745e0	FUN_1806745e0	180696520	__security_check_cookie	true
180674bb0	FUN_180674bb0	1806823e0	FUN_1806823e0	true
180674bb0	FUN_180674bb0	180696520	__security_check_cookie	true
180674bb0	FUN_180674bb0	18069ba50	_guard_dispatch_icall	true
180674ec0	FUN_180674ec0	1805f8630	FUN_1805f8630	true
180674ec0	FUN_180674ec0	180696520	__security_check_cookie	true
180674fa0	FUN_180674fa0	180696520	__security_check_cookie	true
180675360	FUN_180675360	180696520	__security_check_cookie	true
180675460	FUN_180675460	18060d280	FUN_18060d280	true
180675460	FUN_180675460	18060d340	FUN_18060d340	true
180675460	FUN_180675460	18066a690	FUN_18066a690	true
180675460	FUN_180675460	180675d30	FUN_180675d30	true
180675460	FUN_180675460	180696520	__security_check_cookie	true
180675960	FUN_180675960	18060d280	FUN_18060d280	true
180675960	FUN_180675960	18066a690	FUN_18066a690	true
180675960	FUN_180675960	180674fa0	FUN_180674fa0	true
180675960	FUN_180675960	180696520	__security_check_cookie	true
180675b80	FUN_180675b80	18060d280	FUN_18060d280	true
180675b80	FUN_180675b80	18066a690	FUN_18066a690	true
180675b80	FUN_180675b80	180696520	__security_check_cookie	true
180675d30	FUN_180675d30	180600ad0	FUN_180600ad0	true
180675d30	FUN_180675d30	18060d610	FUN_18060d610	true
180675d30	FUN_180675d30	180673640	FUN_180673640	true
180675d30	FUN_180675d30	180677d20	FUN_180677d20	true
180675d30	FUN_180675d30	180696520	__security_check_cookie	true
180675d30	FUN_180675d30	180696c70	_Init_thread_footer	true
180675d30	FUN_180675d30	180696cd0	_Init_thread_header	true
180675fc0	FUN_180675fc0	18060d280	FUN_18060d280	true
180675fc0	FUN_180675fc0	18066a690	FUN_18066a690	true
180675fc0	FUN_180675fc0	180675d30	FUN_180675d30	true
180675fc0	FUN_180675fc0	180696520	__security_check_cookie	true
180676180	FUN_180676180	180696520	__security_check_cookie	true
1806762a0	FUN_1806762a0	18060d340	FUN_18060d340	true
1806762a0	FUN_1806762a0	18069b549	ceilf	true
180676a20	FUN_180676a20	180696520	__security_check_cookie	true
180676a20	FUN_180676a20	18069b561	floorf	true
180676c60	FUN_180676c60	180696520	__security_check_cookie	true
180677030	FUN_180677030	180676a20	FUN_180676a20	true
180677030	FUN_180677030	180696520	__security_check_cookie	true
180677030	FUN_180677030	1806969f0	atexit	true
180677030	FUN_180677030	180696c70	_Init_thread_footer	true
180677030	FUN_180677030	180696cd0	_Init_thread_header	true
180677030	FUN_180677030	18069ba50	_guard_dispatch_icall	true
180677790	FUN_180677790	18060d340	FUN_18060d340	true
180677790	FUN_180677790	180676c60	FUN_180676c60	true
180677790	FUN_180677790	180696520	__security_check_cookie	true
180677790	FUN_180677790	1806969f0	atexit	true
180677790	FUN_180677790	180696c70	_Init_thread_footer	true
180677790	FUN_180677790	180696cd0	_Init_thread_header	true
180677790	FUN_180677790	18069ba50	_guard_dispatch_icall	true
180677d20	FUN_180677d20	180696520	__security_check_cookie	true
180677d20	FUN_180677d20	1806969f0	atexit	true
180677d20	FUN_180677d20	180696c70	_Init_thread_footer	true
180677d20	FUN_180677d20	180696cd0	_Init_thread_header	true
180677d20	FUN_180677d20	18069ba50	_guard_dispatch_icall	true
180678680	FUN_180678680	180697a50	FUN_180697a50	true
180678850	FUN_180678850	180697a1c	~_Lockit	true
180678850	FUN_180678850	180697d20	FUN_180697d20	true
180678b10	FUN_180678b10	1805d7a50	FUN_1805d7a50	true
180678b10	FUN_180678b10	1805d7ad0	FUN_1805d7ad0	true
180678b10	FUN_180678b10	1805d7d40	FUN_1805d7d40	true
180678b10	FUN_180678b10	18067a870	FUN_18067a870	true
180678b10	FUN_180678b10	180696520	__security_check_cookie	true
180678b10	FUN_180678b10	180698fe0	__std_exception_copy	true
180678b10	FUN_180678b10	18069ba50	_guard_dispatch_icall	true
180678cb0	FUN_180678cb0	180678680	FUN_180678680	true
180678cb0	FUN_180678cb0	180678b10	FUN_180678b10	true
180678cb0	FUN_180678cb0	180699124	FUN_180699124	true
180679780	FUN_180679780	180678cb0	FUN_180678cb0	true
180679780	FUN_180679780	18067b990	FUN_18067b990	true
180679780	FUN_180679780	18067ba50	FUN_18067ba50	true
180679780	FUN_180679780	18067bf80	FUN_18067bf80	true
180679780	FUN_180679780	180697e54	__uncaught_exception	true
180679780	FUN_180679780	18069ba50	_guard_dispatch_icall	true
1806799b0	sentry	18067b990	FUN_18067b990	true
1806799b0	sentry	18069ba50	_guard_dispatch_icall	true
18067a870	FUN_18067a870	1805d7c50	FUN_1805d7c50	true
18067a870	FUN_18067a870	1805d7c90	FUN_1805d7c90	true
18067a870	FUN_18067a870	180696a08	free	true
18067a870	FUN_18067a870	180699450	FUN_180699450	true
18067b990	FUN_18067b990	180678cb0	FUN_180678cb0	true
18067b990	FUN_18067b990	1806799b0	sentry	true
18067b990	FUN_18067b990	18067ba50	FUN_18067ba50	true
18067b990	FUN_18067b990	180697e54	__uncaught_exception	true
18067b990	FUN_18067b990	18069ba50	_guard_dispatch_icall	true
18067ba50	FUN_18067ba50	180678cb0	FUN_180678cb0	true
18067ba50	FUN_18067ba50	18069ba50	_guard_dispatch_icall	true
18067bb40	FUN_18067bb40	180678850	FUN_180678850	true
18067bb40	FUN_18067bb40	180678900	FUN_180678900	true
18067bb40	FUN_18067bb40	180696544	operator_new	true
18067bb40	FUN_18067bb40	18069792c	FUN_18069792c	true
18067bb40	FUN_18067bb40	18069799c	_Lockit	true
18067bb40	FUN_18067bb40	180697a1c	~_Lockit	true
18067bb40	FUN_18067bb40	180697b4c	_Facet_Register	true
18067bb40	FUN_18067bb40	180697b84	FUN_180697b84	true
18067bb40	FUN_18067bb40	180697cb4	_Locinfo_ctor	true
18067bb40	FUN_18067bb40	180697e84	FUN_180697e84	true
18067bb40	FUN_18067bb40	18069ba50	_guard_dispatch_icall	true
18067bd10	FUN_18067bd10	180678cb0	FUN_180678cb0	true
18067bd10	FUN_18067bd10	18067b990	FUN_18067b990	true
18067bd10	FUN_18067bd10	18067ba50	FUN_18067ba50	true
18067bd10	FUN_18067bd10	180697e54	__uncaught_exception	true
18067bd10	FUN_18067bd10	18069ba50	_guard_dispatch_icall	true
18067bf80	FUN_18067bf80	180678850	FUN_180678850	true
18067bf80	FUN_18067bf80	180678900	FUN_180678900	true
18067bf80	FUN_18067bf80	180696544	operator_new	true
18067bf80	FUN_18067bf80	18069792c	FUN_18069792c	true
18067bf80	FUN_18067bf80	18069799c	_Lockit	true
18067bf80	FUN_18067bf80	180697a1c	~_Lockit	true
18067bf80	FUN_18067bf80	180697b4c	_Facet_Register	true
18067bf80	FUN_18067bf80	180697b84	FUN_180697b84	true
18067bf80	FUN_18067bf80	180697cb4	_Locinfo_ctor	true
18067bf80	FUN_18067bf80	18069ba50	_guard_dispatch_icall	true
18067c810	FUN_18067c810	18067bb40	FUN_18067bb40	true
18067c810	FUN_18067c810	18069ba50	_guard_dispatch_icall	true
180681970	FUN_180681970	1805d7ad0	FUN_1805d7ad0	true
180681970	FUN_180681970	180696520	__security_check_cookie	true
180681ab0	FUN_180681ab0	1805d7a50	FUN_1805d7a50	true
180681ab0	FUN_180681ab0	1805d7ad0	FUN_1805d7ad0	true
180681ab0	FUN_180681ab0	18060d340	FUN_18060d340	true
180681ab0	FUN_180681ab0	180679780	FUN_180679780	true
180681ab0	FUN_180681ab0	18067bd10	FUN_18067bd10	true
180681ab0	FUN_180681ab0	180681ce0	FUN_180681ce0	true
180681ab0	FUN_180681ab0	180683a60	FUN_180683a60	true
180681ab0	FUN_180681ab0	1806840c0	FUN_1806840c0	true
180681ab0	FUN_180681ab0	180696520	__security_check_cookie	true
180681ce0	FUN_180681ce0	180684000	FUN_180684000	true
180681ce0	FUN_180681ce0	1806982c4	_Ios_base_dtor	true
180681d80	FUN_180681d80	1805d7a50	FUN_1805d7a50	true
180681d80	FUN_180681d80	1805d7ad0	FUN_1805d7ad0	true
180681d80	FUN_180681d80	18067bd10	FUN_18067bd10	true
180681d80	FUN_180681d80	180681970	FUN_180681970	true
180681d80	FUN_180681d80	180682280	FUN_180682280	true
180681d80	FUN_180681d80	180683a60	FUN_180683a60	true
180681d80	FUN_180681d80	180684000	FUN_180684000	true
180681d80	FUN_180681d80	1806852d0	FUN_1806852d0	true
180681d80	FUN_180681d80	180696520	__security_check_cookie	true
180681d80	FUN_180681d80	1806982c4	_Ios_base_dtor	true
180682280	FUN_180682280	180696520	__security_check_cookie	true
1806823e0	FUN_1806823e0	180696520	__security_check_cookie	true
180682520	FUN_180682520	180696520	__security_check_cookie	true
180683a60	FUN_180683a60	180684c90	FUN_180684c90	true
180683a60	FUN_180683a60	180684dd0	FUN_180684dd0	true
180684000	FUN_180684000	1806844c0	FUN_1806844c0	true
180684000	FUN_180684000	180696a08	free	true
1806840c0	FUN_1806840c0	180678cb0	FUN_180678cb0	true
1806840c0	FUN_1806840c0	18067b990	FUN_18067b990	true
1806840c0	FUN_1806840c0	18067ba50	FUN_18067ba50	true
1806840c0	FUN_1806840c0	18067bf80	FUN_18067bf80	true
1806840c0	FUN_1806840c0	180697e54	__uncaught_exception	true
1806840c0	FUN_1806840c0	18069ba50	_guard_dispatch_icall	true
1806844c0	FUN_1806844c0	180696a08	free	true
1806844c0	FUN_1806844c0	18069ba50	_guard_dispatch_icall	true
180684c90	FUN_180684c90	180678cb0	FUN_180678cb0	true
180684c90	FUN_180684c90	18067c810	FUN_18067c810	true
180684c90	FUN_180684c90	180696544	operator_new	true
180684c90	FUN_180684c90	180697b8c	_Init	true
180684c90	FUN_180684c90	18069824c	_Addstd	true
180684dd0	FUN_180684dd0	180696544	operator_new	true
180684dd0	FUN_180684dd0	180697b8c	_Init	true
1806852d0	FUN_1806852d0	180678cb0	FUN_180678cb0	true
1806852d0	FUN_1806852d0	18067b990	FUN_18067b990	true
1806852d0	FUN_1806852d0	18067ba50	FUN_18067ba50	true
1806852d0	FUN_1806852d0	180697e54	__uncaught_exception	true
1806852d0	FUN_1806852d0	18069ba50	_guard_dispatch_icall	true
180685570	FUN_180685570	180681d80	FUN_180681d80	true
180685570	FUN_180685570	180682640	FUN_180682640	true
180685570	FUN_180685570	1806858e0	FUN_1806858e0	true
180685570	FUN_180685570	180696520	__security_check_cookie	true
1806858e0	FUN_1806858e0	1805d7c90	FUN_1805d7c90	true
1806858e0	FUN_1806858e0	180682280	FUN_180682280	true
1806858e0	FUN_1806858e0	180685d10	FUN_180685d10	true
1806858e0	FUN_1806858e0	180696520	__security_check_cookie	true
1806858e0	FUN_1806858e0	18069ba50	_guard_dispatch_icall	true
180685d10	FUN_180685d10	180685f90	FUN_180685f90	true
180685d10	FUN_180685d10	180686240	FUN_180686240	true
180685f60	FUN_180685f60	1805d7a50	FUN_1805d7a50	true
180685f60	FUN_180685f60	180696a08	free	true
180685f90	FUN_180685f90	180685f60	FUN_180685f60	true
180685f90	FUN_180685f90	1806978e4	FUN_1806978e4	true
180686240	FUN_180686240	1805d7a50	FUN_1805d7a50	true
180686240	FUN_180686240	180685f90	FUN_180685f90	true
180686240	FUN_180686240	180696a08	free	true
1806890a0	FUN_1806890a0	180696520	__security_check_cookie	true
180689330	FUN_180689330	180696520	__security_check_cookie	true
1806899e0	FUN_1806899e0	180696520	__security_check_cookie	true
18068a760	FUN_18068a760	180696520	__security_check_cookie	true
18068b5e0	FUN_18068b5e0	180696520	__security_check_cookie	true
18068ba30	FUN_18068ba30	1806969f0	atexit	true
18068ba30	FUN_18068ba30	180696c70	_Init_thread_footer	true
18068ba30	FUN_18068ba30	180696cd0	_Init_thread_header	true
18068beb0	FUN_18068beb0	18060fb30	FUN_18060fb30	true
18068beb0	FUN_18068beb0	18066bcf0	FUN_18066bcf0	true
18068beb0	FUN_18068beb0	1806858e0	FUN_1806858e0	true
18068beb0	FUN_18068beb0	180696520	__security_check_cookie	true
18068d620	FUN_18068d620	1805fddb0	FUN_1805fddb0	true
18068d620	FUN_18068d620	1806092b0	FUN_1806092b0	true
18068d620	FUN_18068d620	18060d340	FUN_18060d340	true
18068d620	FUN_18068d620	18060d430	FUN_18060d430	true
18068d620	FUN_18068d620	18060d610	FUN_18060d610	true
18068d620	FUN_18068d620	18060dbf0	FUN_18060dbf0	true
18068d620	FUN_18068d620	18060e820	FUN_18060e820	true
18068d620	FUN_18068d620	18066b760	FUN_18066b760	true
18068d620	FUN_18068d620	18066b9c0	FUN_18066b9c0	true
18068d620	FUN_18068d620	18066bcf0	FUN_18066bcf0	true
18068d620	FUN_18068d620	18066dcb0	FUN_18066dcb0	true
18068d620	FUN_18068d620	18066edc0	FUN_18066edc0	true
18068d620	FUN_18068d620	180671520	FUN_180671520	true
18068d620	FUN_18068d620	180671800	FUN_180671800	true
18068d620	FUN_18068d620	180672f10	FUN_180672f10	true
18068d620	FUN_18068d620	180673440	FUN_180673440	true
18068d620	FUN_18068d620	180673980	FUN_180673980	true
18068d620	FUN_18068d620	180676180	FUN_180676180	true
18068d620	FUN_18068d620	180677030	FUN_180677030	true
18068d620	FUN_18068d620	180677790	FUN_180677790	true
18068d620	FUN_18068d620	180682520	FUN_180682520	true
18068d620	FUN_18068d620	180685570	FUN_180685570	true
18068d620	FUN_18068d620	1806858e0	FUN_1806858e0	true
18068d620	FUN_18068d620	18068ba30	FUN_18068ba30	true
18068d620	FUN_18068d620	18068e990	FUN_18068e990	true
18068d620	FUN_18068d620	18068ecf0	FUN_18068ecf0	true
18068d620	FUN_18068d620	18068f380	FUN_18068f380	true
18068d620	FUN_18068d620	180690190	FUN_180690190	true
18068d620	FUN_18068d620	180696520	__security_check_cookie	true
18068d620	FUN_18068d620	1806969f0	atexit	true
18068d620	FUN_18068d620	180696c70	_Init_thread_footer	true
18068d620	FUN_18068d620	180696cd0	_Init_thread_header	true
18068d620	FUN_18068d620	180699450	FUN_180699450	true
18068d620	FUN_18068d620	18069ba50	_guard_dispatch_icall	true
18068e990	FUN_18068e990	18060d340	FUN_18060d340	true
18068e990	FUN_18068e990	180696520	__security_check_cookie	true
18068e990	FUN_18068e990	180699450	FUN_180699450	true
18068ecf0	FUN_18068ecf0	18068eeb0	FUN_18068eeb0	true
18068ecf0	FUN_18068ecf0	18068efa0	FUN_18068efa0	true
18068ecf0	FUN_18068ecf0	180696520	__security_check_cookie	true
18068eeb0	FUN_18068eeb0	18068f080	FUN_18068f080	true
18068eeb0	FUN_18068eeb0	180696520	__security_check_cookie	true
18068efa0	FUN_18068efa0	18066a730	FUN_18066a730	true
18068efa0	FUN_18068efa0	180696520	__security_check_cookie	true
18068f080	FUN_18068f080	18060d430	FUN_18060d430	true
18068f080	FUN_18068f080	180668ed0	FUN_180668ed0	true
18068f080	FUN_18068f080	180669860	FUN_180669860	true
18068f080	FUN_18068f080	180669b70	FUN_180669b70	true
18068f080	FUN_18068f080	18066a8d0	FUN_18066a8d0	true
18068f080	FUN_18068f080	180675d30	FUN_180675d30	true
18068f080	FUN_18068f080	180696520	__security_check_cookie	true
18068f380	FUN_18068f380	18060d430	FUN_18060d430	true
18068f380	FUN_18068f380	180696520	__security_check_cookie	true
18068f580	FUN_18068f580	18068f080	FUN_18068f080	true
18068f580	FUN_18068f580	180696520	__security_check_cookie	true
18068f6b0	FUN_18068f6b0	180669b70	FUN_180669b70	true
18068f6b0	FUN_18068f6b0	180675fc0	FUN_180675fc0	true
18068f6b0	FUN_18068f6b0	180676180	FUN_180676180	true
18068f6b0	FUN_18068f6b0	180696520	__security_check_cookie	true
18068f6b0	FUN_18068f6b0	180699220	FUN_180699220	true
18068f6b0	FUN_18068f6b0	18069ba50	_guard_dispatch_icall	true
18068fa60	FUN_18068fa60	180669b70	FUN_180669b70	true
18068fa60	FUN_18068fa60	180675fc0	FUN_180675fc0	true
18068fa60	FUN_18068fa60	180676180	FUN_180676180	true
18068fa60	FUN_18068fa60	180696520	__security_check_cookie	true
18068fc50	FUN_18068fc50	180675960	FUN_180675960	true
18068fc50	FUN_18068fc50	180696520	__security_check_cookie	true
18068fe50	FUN_18068fe50	180675fc0	FUN_180675fc0	true
18068fe50	FUN_18068fe50	180676180	FUN_180676180	true
18068fe50	FUN_18068fe50	180696520	__security_check_cookie	true
180690000	FUN_180690000	180675460	FUN_180675460	true
180690000	FUN_180690000	180696520	__security_check_cookie	true
180690190	FUN_180690190	180682520	FUN_180682520	true
180690190	FUN_180690190	180696520	__security_check_cookie	true
1806903c0	FUN_1806903c0	1806969f0	atexit	true
1806903c0	FUN_1806903c0	180696c70	_Init_thread_footer	true
1806903c0	FUN_1806903c0	180696cd0	_Init_thread_header	true
180692270	FUN_180692270	18068beb0	FUN_18068beb0	true
180692270	FUN_180692270	1806903c0	FUN_1806903c0	true
180692270	FUN_180692270	180696520	__security_check_cookie	true
180692270	FUN_180692270	18069ba50	_guard_dispatch_icall	true
180692900	HandleSystemContextMessageDisplayChange	18068fe50	FUN_18068fe50	true
180692900	HandleSystemContextMessageDisplayChange	180696520	__security_check_cookie	true
180692900	HandleSystemContextMessageDisplayChange	18069ba50	_guard_dispatch_icall	true
180692d00	HandleSystemContextMessageInputStitching	18060d340	FUN_18060d340	true
180692d00	HandleSystemContextMessageInputStitching	18066a580	FUN_18066a580	true
180692d00	HandleSystemContextMessageInputStitching	18066b030	FUN_18066b030	true
180692d00	HandleSystemContextMessageInputStitching	18066caf0	FUN_18066caf0	true
180692d00	HandleSystemContextMessageInputStitching	180675360	FUN_180675360	true
180692d00	HandleSystemContextMessageInputStitching	180676180	FUN_180676180	true
180692d00	HandleSystemContextMessageInputStitching	180690000	FUN_180690000	true
180692d00	HandleSystemContextMessageInputStitching	180696520	__security_check_cookie	true
180692d00	HandleSystemContextMessageInputStitching	18069ba50	_guard_dispatch_icall	true
180693490	HandleSystemContextMessageHingeAngle	18068fc50	FUN_18068fc50	true
180693490	HandleSystemContextMessageHingeAngle	180696520	__security_check_cookie	true
180693490	HandleSystemContextMessageHingeAngle	18069ba50	_guard_dispatch_icall	true
180693820	HandleSystemContextMessageRegionConfig	180693ac0	HandleRegionConfigMessage	true
180693820	HandleSystemContextMessageRegionConfig	180696520	__security_check_cookie	true
180693820	HandleSystemContextMessageRegionConfig	18069ba50	_guard_dispatch_icall	true
180693ac0	HandleRegionConfigMessage	18060d280	FUN_18060d280	true
180693ac0	HandleRegionConfigMessage	18066a690	FUN_18066a690	true
180693ac0	HandleRegionConfigMessage	180675b80	FUN_180675b80	true
180693ac0	HandleRegionConfigMessage	180676180	FUN_180676180	true
180693ac0	HandleRegionConfigMessage	1806762a0	FUN_1806762a0	true
180693ac0	HandleRegionConfigMessage	180696520	__security_check_cookie	true
180693ac0	HandleRegionConfigMessage	18069ba50	_guard_dispatch_icall	true
180694050	FUN_180694050	180696520	__security_check_cookie	true
1806941f0	FUN_1806941f0	180696520	__security_check_cookie	true
180694390	FUN_180694390	18068d620	FUN_18068d620	true
180694390	FUN_180694390	180696520	__security_check_cookie	true
180694390	FUN_180694390	18069ba50	_guard_dispatch_icall	true
180694900	FUN_180694900	180669b70	FUN_180669b70	true
180694900	FUN_180694900	180669f00	FUN_180669f00	true
180694900	FUN_180694900	18066a0e0	FUN_18066a0e0	true
180694900	FUN_180694900	180696520	__security_check_cookie	true
180694900	FUN_180694900	180699220	FUN_180699220	true
180694a30	FUN_180694a30	180692270	FUN_180692270	true
180694a30	FUN_180694a30	180696a08	free	true
180694a80	FUN_180694a80	180696520	__security_check_cookie	true
180694a80	FUN_180694a80	18069ba50	_guard_dispatch_icall	true
180694d60	FUN_180694d60	180669b70	FUN_180669b70	true
180694d60	FUN_180694d60	180669f00	FUN_180669f00	true
180694d60	FUN_180694d60	18066a0e0	FUN_18066a0e0	true
180694d60	FUN_180694d60	180676180	FUN_180676180	true
180694d60	FUN_180694d60	180696520	__security_check_cookie	true
180694d60	FUN_180694d60	180699220	FUN_180699220	true
180694d60	FUN_180694d60	18069ba50	_guard_dispatch_icall	true
180695060	GetProcessorCapabilities	18060d340	FUN_18060d340	true
180695060	GetProcessorCapabilities	180696520	__security_check_cookie	true
180695060	GetProcessorCapabilities	18069ba50	_guard_dispatch_icall	true
180695510	OnDeviceAttached	18068f6b0	FUN_18068f6b0	true
180695510	OnDeviceAttached	180696520	__security_check_cookie	true
1806956b0	OnDeviceDetached	18068fa60	FUN_18068fa60	true
1806956b0	OnDeviceDetached	180696520	__security_check_cookie	true
1806957b0	OnSystemContextMessage	180669b70	FUN_180669b70	true
1806957b0	OnSystemContextMessage	180692900	HandleSystemContextMessageDisplayChange	true
1806957b0	OnSystemContextMessage	180692d00	HandleSystemContextMessageInputStitching	true
1806957b0	OnSystemContextMessage	180693490	HandleSystemContextMessageHingeAngle	true
1806957b0	OnSystemContextMessage	180693820	HandleSystemContextMessageRegionConfig	true
1806957b0	OnSystemContextMessage	180696520	__security_check_cookie	true
1806957b0	OnSystemContextMessage	18069ba50	_guard_dispatch_icall	true
180695ad0	OnDeviceReset	18068f580	FUN_18068f580	true
180695ad0	OnDeviceReset	180696520	__security_check_cookie	true
180696520	__security_check_cookie	180696a50	__report_gsfailure	true
180696544	operator_new	180697258	FUN_180697258	true
180696544	operator_new	180697278	FUN_180697278	true
180696544	operator_new	18069b321	_callnewh	true
180696544	operator_new	18069b327	malloc	true
1806969a0	_onexit	18069b345	_register_onexit_function	true
1806969a0	_onexit	18069b351	_crt_atexit	true
1806969f0	atexit	1806969a0	_onexit	true
180696a50	__report_gsfailure	180696a10	__raise_securityfailure	true
180696a50	__report_gsfailure	180696b24	capture_previous_context	true
180696a50	__report_gsfailure	18069889c	IsProcessorFeaturePresent	true
180696c70	_Init_thread_footer	180696d38	_Init_thread_notify	true
180696cd0	_Init_thread_header	180696d5c	_Init_thread_wait	true
180696dbc	`eh_vector_constructor_iterator'	18069ba50	_guard_dispatch_icall	true
180697258	FUN_180697258	1806971dc	FUN_1806971dc	true
180697258	FUN_180697258	180699124	FUN_180699124	true
180697278	FUN_180697278	180697238	FUN_180697238	true
180697278	FUN_180697278	180699124	FUN_180699124	true
180697794	FUN_180697794	180698fe0	__std_exception_copy	true
18069789c	FUN_18069789c	180698fe0	__std_exception_copy	true
1806978e4	FUN_1806978e4	180697794	FUN_180697794	true
1806978e4	FUN_1806978e4	180699124	FUN_180699124	true
18069792c	FUN_18069792c	18069789c	FUN_18069789c	true
18069792c	FUN_18069792c	180699124	FUN_180699124	true
18069799c	_Lockit	18069855c	EnterCriticalSection	true
18069799c	_Lockit	18069b369	_lock_locales	true
180697a1c	~_Lockit	180698564	LeaveCriticalSection	true
180697a1c	~_Lockit	18069b36f	_unlock_locales	true
180697a5c	operator=	1806964f6	free	true
180697a5c	operator=	180699450	FUN_180699450	true
180697a5c	operator=	18069b327	malloc	true
180697b4c	_Facet_Register	180696544	operator_new	true
180697b8c	_Init	18069799c	_Lockit	true
180697b8c	_Init	180697a1c	~_Lockit	true
180697b8c	_Init	180697a5c	operator=	true
180697b8c	_Init	180697d3c	_New_Locimp	true
180697b8c	_Init	180697dac	_Setgloballocale	true
180697b8c	_Init	18069ba50	_guard_dispatch_icall	true
180697cb4	_Locinfo_ctor	180697a5c	operator=	true
180697cb4	_Locinfo_ctor	18069b375	setlocale	true
180697d20	FUN_180697d20	18069b375	setlocale	true
180697d3c	_New_Locimp	180696544	operator_new	true
180697d3c	_New_Locimp	180697a5c	operator=	true
180697dac	_Setgloballocale	18069856c	FUN_18069856c	true
180697e84	FUN_180697e84	1806964ea	calloc	true
180697e84	FUN_180697e84	18069b37b	__pctype_func	true
180697e84	FUN_180697e84	18069b387	_wcsdup	true
180697e84	FUN_180697e84	18069b38d	___lc_locale_name_func	true
180697e84	FUN_180697e84	18069b393	___lc_codepage_func	true
18069824c	_Addstd	18069799c	_Lockit	true
18069824c	_Addstd	180697a1c	~_Lockit	true
1806982c4	_Ios_base_dtor	180696a08	free	true
1806982c4	_Ios_base_dtor	18069833c	FUN_18069833c	true
1806982c4	_Ios_base_dtor	18069ba50	_guard_dispatch_icall	true
18069833c	FUN_18069833c	180696a08	free	true
18069833c	FUN_18069833c	18069ba50	_guard_dispatch_icall	true
18069856c	FUN_18069856c	18069b3c3	abort	true
180698fe0	__std_exception_copy	1806964f6	free	true
180698fe0	__std_exception_copy	180696502	strcpy_s	true
180698fe0	__std_exception_copy	18069b327	malloc	true
180699124	FUN_180699124	18069ba50	_guard_dispatch_icall	true
180699450	FUN_180699450	180699430	FUN_180699430	true
18069b5a0	FUN_18069b5a0	18069b5c0	FUN_18069b5c0	true
